apiuser@region1,kY2r0oQbeXTWJJQ,5520
apiuser@region1,kY2r0oQbeXTWJJQ,5521
apiuser@region1,kY2r0oQbeXTWJJQ,5522
apiuser@region1,kY2r0oQbeXTWJJQ,5523
apiuser@region1,kY2r0oQbeXTWJJQ,5524
apiuser@region1,kY2r0oQbeXTWJJQ,5525
apiuser@region1,kY2r0oQbeXTWJJQ,5526
apiuser@region1,kY2r0oQbeXTWJJQ,5527
apiuser@region1,kY2r0oQbeXTWJJQ,5528
apiuser@region1,kY2r0oQbeXTWJJQ,5529
apiuser@region1,kY2r0oQbeXTWJJQ,5530
apiuser@region1,kY2r0oQbeXTWJJQ,5531
apiuser@region1,kY2r0oQbeXTWJJQ,5532
apiuser@region1,kY2r0oQbeXTWJJQ,5533
apiuser@region1,kY2r0oQbeXTWJJQ,5534
apiuser@region1,kY2r0oQbeXTWJJQ,5535
apiuser@region1,kY2r0oQbeXTWJJQ,5536
apiuser@region1,kY2r0oQbeXTWJJQ,5537
apiuser@region1,kY2r0oQbeXTWJJQ,5538
apiuser@region1,kY2r0oQbeXTWJJQ,5539
apiuser@region1,kY2r0oQbeXTWJJQ,5540
apiuser@region1,kY2r0oQbeXTWJJQ,5541
apiuser@region1,kY2r0oQbeXTWJJQ,5542
apiuser@region1,kY2r0oQbeXTWJJQ,5543
apiuser@region1,kY2r0oQbeXTWJJQ,5544
apiuser@region1,kY2r0oQbeXTWJJQ,5545
apiuser@region1,kY2r0oQbeXTWJJQ,5546
apiuser@region1,kY2r0oQbeXTWJJQ,5547
apiuser@region1,kY2r0oQbeXTWJJQ,5548
apiuser@region1,kY2r0oQbeXTWJJQ,5549
apiuser@region1,kY2r0oQbeXTWJJQ,5550
apiuser@region1,kY2r0oQbeXTWJJQ,5551
apiuser@region1,kY2r0oQbeXTWJJQ,5552
apiuser@region1,kY2r0oQbeXTWJJQ,5553
apiuser@region1,kY2r0oQbeXTWJJQ,5554
apiuser@region1,kY2r0oQbeXTWJJQ,5555
apiuser@region1,kY2r0oQbeXTWJJQ,5556
apiuser@region1,kY2r0oQbeXTWJJQ,5557
apiuser@region1,kY2r0oQbeXTWJJQ,5558
apiuser@region1,kY2r0oQbeXTWJJQ,5559
apiuser@region1,kY2r0oQbeXTWJJQ,5560
apiuser@region1,kY2r0oQbeXTWJJQ,5561
apiuser@region1,kY2r0oQbeXTWJJQ,5562
apiuser@region1,kY2r0oQbeXTWJJQ,5563
apiuser@region1,kY2r0oQbeXTWJJQ,5564
apiuser@region1,kY2r0oQbeXTWJJQ,5565
apiuser@region1,kY2r0oQbeXTWJJQ,5566
apiuser@region1,kY2r0oQbeXTWJJQ,5567
apiuser@region1,kY2r0oQbeXTWJJQ,5568
apiuser@region1,kY2r0oQbeXTWJJQ,5569
apiuser@region1,kY2r0oQbeXTWJJQ,5570
apiuser@region1,kY2r0oQbeXTWJJQ,5571
apiuser@region1,kY2r0oQbeXTWJJQ,5572
apiuser@region1,kY2r0oQbeXTWJJQ,5573
apiuser@region1,kY2r0oQbeXTWJJQ,5574
apiuser@region1,kY2r0oQbeXTWJJQ,5575
apiuser@region1,kY2r0oQbeXTWJJQ,5576
apiuser@region1,kY2r0oQbeXTWJJQ,5577
apiuser@region1,kY2r0oQbeXTWJJQ,5578
apiuser@region1,kY2r0oQbeXTWJJQ,5579
apiuser@region1,kY2r0oQbeXTWJJQ,5580
apiuser@region1,kY2r0oQbeXTWJJQ,5581
apiuser@region1,kY2r0oQbeXTWJJQ,5582
apiuser@region1,kY2r0oQbeXTWJJQ,5583
apiuser@region1,kY2r0oQbeXTWJJQ,5584
apiuser@region1,kY2r0oQbeXTWJJQ,5585
apiuser@region1,kY2r0oQbeXTWJJQ,5586
apiuser@region1,kY2r0oQbeXTWJJQ,5587
apiuser@region1,kY2r0oQbeXTWJJQ,5588
apiuser@region1,kY2r0oQbeXTWJJQ,5589
apiuser@region1,kY2r0oQbeXTWJJQ,5590
apiuser@region1,kY2r0oQbeXTWJJQ,5591
apiuser@region1,kY2r0oQbeXTWJJQ,5592
apiuser@region1,kY2r0oQbeXTWJJQ,5593
apiuser@region1,kY2r0oQbeXTWJJQ,5594
apiuser@region1,kY2r0oQbeXTWJJQ,5595
apiuser@region1,kY2r0oQbeXTWJJQ,5596
apiuser@region1,kY2r0oQbeXTWJJQ,5597
apiuser@region1,kY2r0oQbeXTWJJQ,5598
apiuser@region1,kY2r0oQbeXTWJJQ,5599
apiuser@region1,kY2r0oQbeXTWJJQ,5600
apiuser@region1,kY2r0oQbeXTWJJQ,5601
apiuser@region1,kY2r0oQbeXTWJJQ,5602
apiuser@region1,kY2r0oQbeXTWJJQ,5603
apiuser@region1,kY2r0oQbeXTWJJQ,5604
apiuser@region1,kY2r0oQbeXTWJJQ,5605
apiuser@region1,kY2r0oQbeXTWJJQ,5606
apiuser@region1,kY2r0oQbeXTWJJQ,5607
apiuser@region1,kY2r0oQbeXTWJJQ,5608
apiuser@region1,kY2r0oQbeXTWJJQ,5609
apiuser@region1,kY2r0oQbeXTWJJQ,5610
apiuser@region1,kY2r0oQbeXTWJJQ,5611
apiuser@region1,kY2r0oQbeXTWJJQ,5612
apiuser@region1,kY2r0oQbeXTWJJQ,5613
apiuser@region1,kY2r0oQbeXTWJJQ,5614
apiuser@region1,kY2r0oQbeXTWJJQ,5615
apiuser@region1,kY2r0oQbeXTWJJQ,5616
apiuser@region1,kY2r0oQbeXTWJJQ,5617
apiuser@region1,kY2r0oQbeXTWJJQ,5618
apiuser@region1,kY2r0oQbeXTWJJQ,5619
apiuser@region1,kY2r0oQbeXTWJJQ,5620
apiuser@region1,kY2r0oQbeXTWJJQ,5621
apiuser@region1,kY2r0oQbeXTWJJQ,5622
apiuser@region1,kY2r0oQbeXTWJJQ,5623
apiuser@region1,kY2r0oQbeXTWJJQ,5624
apiuser@region1,kY2r0oQbeXTWJJQ,5625
apiuser@region1,kY2r0oQbeXTWJJQ,5626
apiuser@region1,kY2r0oQbeXTWJJQ,5627
apiuser@region1,kY2r0oQbeXTWJJQ,5628
apiuser@region1,kY2r0oQbeXTWJJQ,5629
apiuser@region1,kY2r0oQbeXTWJJQ,5630
apiuser@region1,kY2r0oQbeXTWJJQ,5631
apiuser@region1,kY2r0oQbeXTWJJQ,5632
apiuser@region1,kY2r0oQbeXTWJJQ,5633
apiuser@region1,kY2r0oQbeXTWJJQ,5634
apiuser@region1,kY2r0oQbeXTWJJQ,5635
apiuser@region1,kY2r0oQbeXTWJJQ,5636
apiuser@region1,kY2r0oQbeXTWJJQ,5637
apiuser@region1,kY2r0oQbeXTWJJQ,5638
apiuser@region1,kY2r0oQbeXTWJJQ,5639
apiuser@region1,kY2r0oQbeXTWJJQ,5640
apiuser@region1,kY2r0oQbeXTWJJQ,5641
apiuser@region1,kY2r0oQbeXTWJJQ,5642
apiuser@region1,kY2r0oQbeXTWJJQ,5643
apiuser@region1,kY2r0oQbeXTWJJQ,5644
apiuser@region1,kY2r0oQbeXTWJJQ,5645
apiuser@region1,kY2r0oQbeXTWJJQ,5646
apiuser@region1,kY2r0oQbeXTWJJQ,5647
apiuser@region1,kY2r0oQbeXTWJJQ,5648
apiuser@region1,kY2r0oQbeXTWJJQ,5649
apiuser@region1,kY2r0oQbeXTWJJQ,5650
apiuser@region1,kY2r0oQbeXTWJJQ,5651
apiuser@region1,kY2r0oQbeXTWJJQ,5652
apiuser@region1,kY2r0oQbeXTWJJQ,5653
apiuser@region1,kY2r0oQbeXTWJJQ,5654
apiuser@region1,kY2r0oQbeXTWJJQ,5655
apiuser@region1,kY2r0oQbeXTWJJQ,5656
apiuser@region1,kY2r0oQbeXTWJJQ,5657
apiuser@region1,kY2r0oQbeXTWJJQ,5658
apiuser@region1,kY2r0oQbeXTWJJQ,5659
apiuser@region1,kY2r0oQbeXTWJJQ,5660
apiuser@region1,kY2r0oQbeXTWJJQ,5661
apiuser@region1,kY2r0oQbeXTWJJQ,5662
apiuser@region1,kY2r0oQbeXTWJJQ,5663
apiuser@region1,kY2r0oQbeXTWJJQ,5664
apiuser@region1,kY2r0oQbeXTWJJQ,5665
apiuser@region1,kY2r0oQbeXTWJJQ,5666
apiuser@region1,kY2r0oQbeXTWJJQ,5667
apiuser@region1,kY2r0oQbeXTWJJQ,5668
apiuser@region1,kY2r0oQbeXTWJJQ,5669
apiuser@region1,kY2r0oQbeXTWJJQ,5670
apiuser@region1,kY2r0oQbeXTWJJQ,5671
apiuser@region1,kY2r0oQbeXTWJJQ,5672
apiuser@region1,kY2r0oQbeXTWJJQ,5673
apiuser@region1,kY2r0oQbeXTWJJQ,5674
apiuser@region1,kY2r0oQbeXTWJJQ,5675
apiuser@region1,kY2r0oQbeXTWJJQ,5676
apiuser@region1,kY2r0oQbeXTWJJQ,5677
apiuser@region1,kY2r0oQbeXTWJJQ,5678
apiuser@region1,kY2r0oQbeXTWJJQ,5679
apiuser@region1,kY2r0oQbeXTWJJQ,5680
apiuser@region1,kY2r0oQbeXTWJJQ,5681
apiuser@region1,kY2r0oQbeXTWJJQ,5682
apiuser@region1,kY2r0oQbeXTWJJQ,5683
apiuser@region1,kY2r0oQbeXTWJJQ,5684
apiuser@region1,kY2r0oQbeXTWJJQ,5685
apiuser@region1,kY2r0oQbeXTWJJQ,5686
apiuser@region1,kY2r0oQbeXTWJJQ,5687
apiuser@region1,kY2r0oQbeXTWJJQ,5688
apiuser@region1,kY2r0oQbeXTWJJQ,5689
apiuser@region1,kY2r0oQbeXTWJJQ,5690
apiuser@region1,kY2r0oQbeXTWJJQ,5691
apiuser@region1,kY2r0oQbeXTWJJQ,5692
apiuser@region1,kY2r0oQbeXTWJJQ,5693
apiuser@region1,kY2r0oQbeXTWJJQ,5694
apiuser@region1,kY2r0oQbeXTWJJQ,5695
apiuser@region1,kY2r0oQbeXTWJJQ,5696
apiuser@region1,kY2r0oQbeXTWJJQ,5697
apiuser@region1,kY2r0oQbeXTWJJQ,5698
apiuser@region1,kY2r0oQbeXTWJJQ,5699
apiuser@region1,kY2r0oQbeXTWJJQ,5700
apiuser@region1,kY2r0oQbeXTWJJQ,5701
apiuser@region1,kY2r0oQbeXTWJJQ,5702
apiuser@region1,kY2r0oQbeXTWJJQ,5703
apiuser@region1,kY2r0oQbeXTWJJQ,5704
apiuser@region1,kY2r0oQbeXTWJJQ,5705
apiuser@region1,kY2r0oQbeXTWJJQ,5706
apiuser@region1,kY2r0oQbeXTWJJQ,5707
apiuser@region1,kY2r0oQbeXTWJJQ,5708
apiuser@region1,kY2r0oQbeXTWJJQ,5709
apiuser@region1,kY2r0oQbeXTWJJQ,5710
apiuser@region1,kY2r0oQbeXTWJJQ,5711
apiuser@region1,kY2r0oQbeXTWJJQ,5712
apiuser@region1,kY2r0oQbeXTWJJQ,5713
apiuser@region1,kY2r0oQbeXTWJJQ,5714
apiuser@region1,kY2r0oQbeXTWJJQ,5715
apiuser@region1,kY2r0oQbeXTWJJQ,5716
apiuser@region1,kY2r0oQbeXTWJJQ,5717
apiuser@region1,kY2r0oQbeXTWJJQ,5718
apiuser@region1,kY2r0oQbeXTWJJQ,5719
apiuser@region1,kY2r0oQbeXTWJJQ,5720
apiuser@region1,kY2r0oQbeXTWJJQ,5721
apiuser@region1,kY2r0oQbeXTWJJQ,5722
apiuser@region1,kY2r0oQbeXTWJJQ,5723
apiuser@region1,kY2r0oQbeXTWJJQ,5724
apiuser@region1,kY2r0oQbeXTWJJQ,5725
apiuser@region1,kY2r0oQbeXTWJJQ,5726
apiuser@region1,kY2r0oQbeXTWJJQ,5727
apiuser@region1,kY2r0oQbeXTWJJQ,5728
apiuser@region1,kY2r0oQbeXTWJJQ,5729
apiuser@region1,kY2r0oQbeXTWJJQ,5730
apiuser@region1,kY2r0oQbeXTWJJQ,5731
apiuser@region1,kY2r0oQbeXTWJJQ,5732
apiuser@region1,kY2r0oQbeXTWJJQ,5733
apiuser@region1,kY2r0oQbeXTWJJQ,5734
apiuser@region1,kY2r0oQbeXTWJJQ,5735
apiuser@region1,kY2r0oQbeXTWJJQ,5736
apiuser@region1,kY2r0oQbeXTWJJQ,5737
apiuser@region1,kY2r0oQbeXTWJJQ,5738
apiuser@region1,kY2r0oQbeXTWJJQ,5739
apiuser@region1,kY2r0oQbeXTWJJQ,5740
apiuser@region1,kY2r0oQbeXTWJJQ,5741
apiuser@region1,kY2r0oQbeXTWJJQ,5742
apiuser@region1,kY2r0oQbeXTWJJQ,5743
apiuser@region1,kY2r0oQbeXTWJJQ,5744
apiuser@region1,kY2r0oQbeXTWJJQ,5745
apiuser@region1,kY2r0oQbeXTWJJQ,5746
apiuser@region1,kY2r0oQbeXTWJJQ,5747
apiuser@region1,kY2r0oQbeXTWJJQ,5748
apiuser@region1,kY2r0oQbeXTWJJQ,5749
apiuser@region1,kY2r0oQbeXTWJJQ,5750
apiuser@region1,kY2r0oQbeXTWJJQ,5751
apiuser@region1,kY2r0oQbeXTWJJQ,5752
apiuser@region1,kY2r0oQbeXTWJJQ,5753
apiuser@region1,kY2r0oQbeXTWJJQ,5754
apiuser@region1,kY2r0oQbeXTWJJQ,5755
apiuser@region1,kY2r0oQbeXTWJJQ,5756
apiuser@region1,kY2r0oQbeXTWJJQ,5757
apiuser@region1,kY2r0oQbeXTWJJQ,5758
apiuser@region1,kY2r0oQbeXTWJJQ,5759
apiuser@region1,kY2r0oQbeXTWJJQ,5760
apiuser@region1,kY2r0oQbeXTWJJQ,5761
apiuser@region1,kY2r0oQbeXTWJJQ,5762
apiuser@region1,kY2r0oQbeXTWJJQ,5763
apiuser@region1,kY2r0oQbeXTWJJQ,5764
apiuser@region1,kY2r0oQbeXTWJJQ,5765
apiuser@region1,kY2r0oQbeXTWJJQ,5766
apiuser@region1,kY2r0oQbeXTWJJQ,5767
apiuser@region1,kY2r0oQbeXTWJJQ,5768
apiuser@region1,kY2r0oQbeXTWJJQ,5769
apiuser@region1,kY2r0oQbeXTWJJQ,5770
apiuser@region1,kY2r0oQbeXTWJJQ,5771
apiuser@region1,kY2r0oQbeXTWJJQ,5772
apiuser@region1,kY2r0oQbeXTWJJQ,5773
apiuser@region1,kY2r0oQbeXTWJJQ,5774
apiuser@region1,kY2r0oQbeXTWJJQ,5775
apiuser@region1,kY2r0oQbeXTWJJQ,5776
apiuser@region1,kY2r0oQbeXTWJJQ,5777
apiuser@region1,kY2r0oQbeXTWJJQ,5778
apiuser@region1,kY2r0oQbeXTWJJQ,5779
apiuser@region1,kY2r0oQbeXTWJJQ,5780
apiuser@region1,kY2r0oQbeXTWJJQ,5781
apiuser@region1,kY2r0oQbeXTWJJQ,5782
apiuser@region1,kY2r0oQbeXTWJJQ,5783
apiuser@region1,kY2r0oQbeXTWJJQ,5784
apiuser@region1,kY2r0oQbeXTWJJQ,5785
apiuser@region1,kY2r0oQbeXTWJJQ,5786
apiuser@region1,kY2r0oQbeXTWJJQ,5787
apiuser@region1,kY2r0oQbeXTWJJQ,5788
apiuser@region1,kY2r0oQbeXTWJJQ,5789
apiuser@region1,kY2r0oQbeXTWJJQ,5790
apiuser@region1,kY2r0oQbeXTWJJQ,5791
apiuser@region1,kY2r0oQbeXTWJJQ,5792
apiuser@region1,kY2r0oQbeXTWJJQ,5793
apiuser@region1,kY2r0oQbeXTWJJQ,5794
apiuser@region1,kY2r0oQbeXTWJJQ,5795
apiuser@region1,kY2r0oQbeXTWJJQ,5796
apiuser@region1,kY2r0oQbeXTWJJQ,5797
apiuser@region1,kY2r0oQbeXTWJJQ,5798
apiuser@region1,kY2r0oQbeXTWJJQ,5799
apiuser@region1,kY2r0oQbeXTWJJQ,5800
apiuser@region1,kY2r0oQbeXTWJJQ,5801
apiuser@region1,kY2r0oQbeXTWJJQ,5802
apiuser@region1,kY2r0oQbeXTWJJQ,5803
apiuser@region1,kY2r0oQbeXTWJJQ,5804
apiuser@region1,kY2r0oQbeXTWJJQ,5805
apiuser@region1,kY2r0oQbeXTWJJQ,5806
apiuser@region1,kY2r0oQbeXTWJJQ,5807
apiuser@region1,kY2r0oQbeXTWJJQ,5808
apiuser@region1,kY2r0oQbeXTWJJQ,5809
apiuser@region1,kY2r0oQbeXTWJJQ,5810
apiuser@region1,kY2r0oQbeXTWJJQ,5811
apiuser@region1,kY2r0oQbeXTWJJQ,5812
apiuser@region1,kY2r0oQbeXTWJJQ,5813
apiuser@region1,kY2r0oQbeXTWJJQ,5814
apiuser@region1,kY2r0oQbeXTWJJQ,5815
apiuser@region1,kY2r0oQbeXTWJJQ,5816
apiuser@region1,kY2r0oQbeXTWJJQ,5817
apiuser@region1,kY2r0oQbeXTWJJQ,5818
apiuser@region1,kY2r0oQbeXTWJJQ,5819
apiuser@region1,kY2r0oQbeXTWJJQ,5820
apiuser@region1,kY2r0oQbeXTWJJQ,5821
apiuser@region1,kY2r0oQbeXTWJJQ,5822
apiuser@region1,kY2r0oQbeXTWJJQ,5823
apiuser@region1,kY2r0oQbeXTWJJQ,5824
apiuser@region1,kY2r0oQbeXTWJJQ,5825
apiuser@region1,kY2r0oQbeXTWJJQ,5826
apiuser@region1,kY2r0oQbeXTWJJQ,5827
apiuser@region1,kY2r0oQbeXTWJJQ,5828
apiuser@region1,kY2r0oQbeXTWJJQ,5829
apiuser@region1,kY2r0oQbeXTWJJQ,5830
apiuser@region1,kY2r0oQbeXTWJJQ,5831
apiuser@region1,kY2r0oQbeXTWJJQ,5832
apiuser@region1,kY2r0oQbeXTWJJQ,5833
apiuser@region1,kY2r0oQbeXTWJJQ,5834
apiuser@region1,kY2r0oQbeXTWJJQ,5835
apiuser@region1,kY2r0oQbeXTWJJQ,5836
apiuser@region1,kY2r0oQbeXTWJJQ,5837
apiuser@region1,kY2r0oQbeXTWJJQ,5838
apiuser@region1,kY2r0oQbeXTWJJQ,5839
apiuser@region1,kY2r0oQbeXTWJJQ,5840
apiuser@region1,kY2r0oQbeXTWJJQ,5841
apiuser@region1,kY2r0oQbeXTWJJQ,5842
apiuser@region1,kY2r0oQbeXTWJJQ,5843
apiuser@region1,kY2r0oQbeXTWJJQ,5844
apiuser@region1,kY2r0oQbeXTWJJQ,5845
apiuser@region1,kY2r0oQbeXTWJJQ,5846
apiuser@region1,kY2r0oQbeXTWJJQ,5847
apiuser@region1,kY2r0oQbeXTWJJQ,5848
apiuser@region1,kY2r0oQbeXTWJJQ,5849
apiuser@region1,kY2r0oQbeXTWJJQ,5850
apiuser@region1,kY2r0oQbeXTWJJQ,5851
apiuser@region1,kY2r0oQbeXTWJJQ,5852
apiuser@region1,kY2r0oQbeXTWJJQ,5853
apiuser@region1,kY2r0oQbeXTWJJQ,5854
apiuser@region1,kY2r0oQbeXTWJJQ,5855
apiuser@region1,kY2r0oQbeXTWJJQ,5856
apiuser@region1,kY2r0oQbeXTWJJQ,5857
apiuser@region1,kY2r0oQbeXTWJJQ,5858
apiuser@region1,kY2r0oQbeXTWJJQ,5859
apiuser@region1,kY2r0oQbeXTWJJQ,5860
apiuser@region1,kY2r0oQbeXTWJJQ,5861
apiuser@region1,kY2r0oQbeXTWJJQ,5862
apiuser@region1,kY2r0oQbeXTWJJQ,5863
apiuser@region1,kY2r0oQbeXTWJJQ,5864
apiuser@region1,kY2r0oQbeXTWJJQ,5865
apiuser@region1,kY2r0oQbeXTWJJQ,5866
apiuser@region1,kY2r0oQbeXTWJJQ,5867
apiuser@region1,kY2r0oQbeXTWJJQ,5868
apiuser@region1,kY2r0oQbeXTWJJQ,5869
apiuser@region1,kY2r0oQbeXTWJJQ,5870
apiuser@region1,kY2r0oQbeXTWJJQ,5871
apiuser@region1,kY2r0oQbeXTWJJQ,5872
apiuser@region1,kY2r0oQbeXTWJJQ,5873
apiuser@region1,kY2r0oQbeXTWJJQ,5874
apiuser@region1,kY2r0oQbeXTWJJQ,5875
apiuser@region1,kY2r0oQbeXTWJJQ,5876
apiuser@region1,kY2r0oQbeXTWJJQ,5877
apiuser@region1,kY2r0oQbeXTWJJQ,5878
apiuser@region1,kY2r0oQbeXTWJJQ,5879
apiuser@region1,kY2r0oQbeXTWJJQ,5880
apiuser@region1,kY2r0oQbeXTWJJQ,5881
apiuser@region1,kY2r0oQbeXTWJJQ,5882
apiuser@region1,kY2r0oQbeXTWJJQ,5883
apiuser@region1,kY2r0oQbeXTWJJQ,5884
apiuser@region1,kY2r0oQbeXTWJJQ,5885
apiuser@region1,kY2r0oQbeXTWJJQ,5886
apiuser@region1,kY2r0oQbeXTWJJQ,5887
apiuser@region1,kY2r0oQbeXTWJJQ,5888
apiuser@region1,kY2r0oQbeXTWJJQ,5889
apiuser@region1,kY2r0oQbeXTWJJQ,5890
apiuser@region1,kY2r0oQbeXTWJJQ,5891
apiuser@region1,kY2r0oQbeXTWJJQ,5892
apiuser@region1,kY2r0oQbeXTWJJQ,5893
apiuser@region1,kY2r0oQbeXTWJJQ,5894
apiuser@region1,kY2r0oQbeXTWJJQ,5895
apiuser@region1,kY2r0oQbeXTWJJQ,5896
apiuser@region1,kY2r0oQbeXTWJJQ,5897
apiuser@region1,kY2r0oQbeXTWJJQ,5898
apiuser@region1,kY2r0oQbeXTWJJQ,5899
apiuser@region1,kY2r0oQbeXTWJJQ,5900
apiuser@region1,kY2r0oQbeXTWJJQ,5901
apiuser@region1,kY2r0oQbeXTWJJQ,5902
apiuser@region1,kY2r0oQbeXTWJJQ,5903
apiuser@region1,kY2r0oQbeXTWJJQ,5904
apiuser@region1,kY2r0oQbeXTWJJQ,5905
apiuser@region1,kY2r0oQbeXTWJJQ,5906
apiuser@region1,kY2r0oQbeXTWJJQ,5907
apiuser@region1,kY2r0oQbeXTWJJQ,5908
apiuser@region1,kY2r0oQbeXTWJJQ,5909
apiuser@region1,kY2r0oQbeXTWJJQ,5910
apiuser@region1,kY2r0oQbeXTWJJQ,5911
apiuser@region1,kY2r0oQbeXTWJJQ,5912
apiuser@region1,kY2r0oQbeXTWJJQ,5913
apiuser@region1,kY2r0oQbeXTWJJQ,5914
apiuser@region1,kY2r0oQbeXTWJJQ,5915
apiuser@region1,kY2r0oQbeXTWJJQ,5916
apiuser@region1,kY2r0oQbeXTWJJQ,5917
apiuser@region1,kY2r0oQbeXTWJJQ,5918
apiuser@region1,kY2r0oQbeXTWJJQ,5919
apiuser@region1,kY2r0oQbeXTWJJQ,5920
apiuser@region1,kY2r0oQbeXTWJJQ,5921
apiuser@region1,kY2r0oQbeXTWJJQ,5922
apiuser@region1,kY2r0oQbeXTWJJQ,5923
apiuser@region1,kY2r0oQbeXTWJJQ,5924
apiuser@region1,kY2r0oQbeXTWJJQ,5925
apiuser@region1,kY2r0oQbeXTWJJQ,5926
apiuser@region1,kY2r0oQbeXTWJJQ,5927
apiuser@region1,kY2r0oQbeXTWJJQ,5928
apiuser@region1,kY2r0oQbeXTWJJQ,5929
apiuser@region1,kY2r0oQbeXTWJJQ,5930
apiuser@region1,kY2r0oQbeXTWJJQ,5931
apiuser@region1,kY2r0oQbeXTWJJQ,5932
apiuser@region1,kY2r0oQbeXTWJJQ,5933
apiuser@region1,kY2r0oQbeXTWJJQ,5934
apiuser@region1,kY2r0oQbeXTWJJQ,5935
apiuser@region1,kY2r0oQbeXTWJJQ,5936
apiuser@region1,kY2r0oQbeXTWJJQ,5937
apiuser@region1,kY2r0oQbeXTWJJQ,5938
apiuser@region1,kY2r0oQbeXTWJJQ,5939
apiuser@region1,kY2r0oQbeXTWJJQ,5940
apiuser@region1,kY2r0oQbeXTWJJQ,5941
apiuser@region1,kY2r0oQbeXTWJJQ,5942
apiuser@region1,kY2r0oQbeXTWJJQ,5943
apiuser@region1,kY2r0oQbeXTWJJQ,5944
apiuser@region1,kY2r0oQbeXTWJJQ,5945
apiuser@region1,kY2r0oQbeXTWJJQ,5946
apiuser@region1,kY2r0oQbeXTWJJQ,5947
apiuser@region1,kY2r0oQbeXTWJJQ,5948
apiuser@region1,kY2r0oQbeXTWJJQ,5949
apiuser@region1,kY2r0oQbeXTWJJQ,5950
apiuser@region1,kY2r0oQbeXTWJJQ,5951
apiuser@region1,kY2r0oQbeXTWJJQ,5952
apiuser@region1,kY2r0oQbeXTWJJQ,5953
apiuser@region1,kY2r0oQbeXTWJJQ,5954
apiuser@region1,kY2r0oQbeXTWJJQ,5955
apiuser@region1,kY2r0oQbeXTWJJQ,5956
apiuser@region1,kY2r0oQbeXTWJJQ,5957
apiuser@region1,kY2r0oQbeXTWJJQ,5958
apiuser@region1,kY2r0oQbeXTWJJQ,5959
apiuser@region1,kY2r0oQbeXTWJJQ,5960
apiuser@region1,kY2r0oQbeXTWJJQ,5961
apiuser@region1,kY2r0oQbeXTWJJQ,5962
apiuser@region1,kY2r0oQbeXTWJJQ,5963
apiuser@region1,kY2r0oQbeXTWJJQ,5964
apiuser@region1,kY2r0oQbeXTWJJQ,5965
apiuser@region1,kY2r0oQbeXTWJJQ,5966
apiuser@region1,kY2r0oQbeXTWJJQ,5967
apiuser@region1,kY2r0oQbeXTWJJQ,5968
apiuser@region1,kY2r0oQbeXTWJJQ,5969
apiuser@region1,kY2r0oQbeXTWJJQ,5970
apiuser@region1,kY2r0oQbeXTWJJQ,5971
apiuser@region1,kY2r0oQbeXTWJJQ,5972
apiuser@region1,kY2r0oQbeXTWJJQ,5973
apiuser@region1,kY2r0oQbeXTWJJQ,5974
apiuser@region1,kY2r0oQbeXTWJJQ,5975
apiuser@region1,kY2r0oQbeXTWJJQ,5976
apiuser@region1,kY2r0oQbeXTWJJQ,5977
apiuser@region1,kY2r0oQbeXTWJJQ,5978
apiuser@region1,kY2r0oQbeXTWJJQ,5979
apiuser@region1,kY2r0oQbeXTWJJQ,5980
apiuser@region1,kY2r0oQbeXTWJJQ,5981
apiuser@region1,kY2r0oQbeXTWJJQ,5982
apiuser@region1,kY2r0oQbeXTWJJQ,5983
apiuser@region1,kY2r0oQbeXTWJJQ,5984
apiuser@region1,kY2r0oQbeXTWJJQ,5985
apiuser@region1,kY2r0oQbeXTWJJQ,5986
apiuser@region1,kY2r0oQbeXTWJJQ,5987
apiuser@region1,kY2r0oQbeXTWJJQ,5988
apiuser@region1,kY2r0oQbeXTWJJQ,5989
apiuser@region1,kY2r0oQbeXTWJJQ,5990
apiuser@region1,kY2r0oQbeXTWJJQ,5991
apiuser@region1,kY2r0oQbeXTWJJQ,5992
apiuser@region1,kY2r0oQbeXTWJJQ,5993
apiuser@region1,kY2r0oQbeXTWJJQ,5994
apiuser@region1,kY2r0oQbeXTWJJQ,5995
apiuser@region1,kY2r0oQbeXTWJJQ,5996
apiuser@region1,kY2r0oQbeXTWJJQ,5997
apiuser@region1,kY2r0oQbeXTWJJQ,5998
apiuser@region1,kY2r0oQbeXTWJJQ,5999
apiuser@region1,kY2r0oQbeXTWJJQ,6000
apiuser@region1,kY2r0oQbeXTWJJQ,6001
apiuser@region1,kY2r0oQbeXTWJJQ,6002
apiuser@region1,kY2r0oQbeXTWJJQ,6003
apiuser@region1,kY2r0oQbeXTWJJQ,6004
apiuser@region1,kY2r0oQbeXTWJJQ,6005
apiuser@region1,kY2r0oQbeXTWJJQ,6006
apiuser@region1,kY2r0oQbeXTWJJQ,6007
apiuser@region1,kY2r0oQbeXTWJJQ,6008
apiuser@region1,kY2r0oQbeXTWJJQ,6009
apiuser@region1,kY2r0oQbeXTWJJQ,6010
apiuser@region1,kY2r0oQbeXTWJJQ,6011
apiuser@region1,kY2r0oQbeXTWJJQ,6012
apiuser@region1,kY2r0oQbeXTWJJQ,6013
apiuser@region1,kY2r0oQbeXTWJJQ,6014
apiuser@region1,kY2r0oQbeXTWJJQ,6015
apiuser@region1,kY2r0oQbeXTWJJQ,6016
apiuser@region1,kY2r0oQbeXTWJJQ,6017
apiuser@region1,kY2r0oQbeXTWJJQ,6018
