Store4004@NLPRL,Store@123,4001
Store4005@NLPRL,Store@123,4002
Store4006@NLPRL,Store@123,4003
Store4007@NLPRL,Store@123,4004
Store4008@NLPRL,Store@123,4005
Store4009@NLPRL,Store@123,4006
Store4010@NLPRL,Store@123,4007
Store4011@NLPRL,Store@123,4008
Store4012@NLPRL,Store@123,4009
Store4013@NLPRL,Store@123,4010
Store4014@NLPRL,Store@123,4011
Store4015@NLPRL,Store@123,4012
Store4016@NLPRL,Store@123,4013
Store4017@NLPRL,Store@123,4014
Store4018@NLPRL,Store@123,4015
Store4019@NLPRL,Store@123,4016
Store4020@NLPRL,Store@123,4017
Store4021@NLPRL,Store@123,4018
Store4022@NLPRL,Store@123,4019
Store4023@NLPRL,Store@123,4020
Store4024@NLPRL,Store@123,4021
Store4025@NLPRL,Store@123,4022
Store4026@NLPRL,Store@123,4023
Store4027@NLPRL,Store@123,4024
Store4028@NLPRL,Store@123,4025
Store4029@NLPRL,Store@123,4026
Store4030@NLPRL,Store@123,4027
Store4031@NLPRL,Store@123,4028
Store4032@NLPRL,Store@123,4029
Store4033@NLPRL,Store@123,4030
Store4034@NLPRL,Store@123,4031
Store4035@NLPRL,Store@123,4032
Store4036@NLPRL,Store@123,4033
Store4037@NLPRL,Store@123,4034
Store4038@NLPRL,Store@123,4035
Store4039@NLPRL,Store@123,4036
Store4040@NLPRL,Store@123,4037
Store4041@NLPRL,Store@123,4038
Store4042@NLPRL,Store@123,4039
Store4043@NLPRL,Store@123,4040
Store4044@NLPRL,Store@123,4041
Store4045@NLPRL,Store@123,4042
Store4046@NLPRL,Store@123,4043
Store4047@NLPRL,Store@123,4044
Store4048@NLPRL,Store@123,4045
Store4049@NLPRL,Store@123,4046
Store4050@NLPRL,Store@123,4047
Store4051@NLPRL,Store@123,4048
Store4052@NLPRL,Store@123,4049
Store4053@NLPRL,Store@123,4050
Store4054@NLPRL,Store@123,4051
Store4055@NLPRL,Store@123,4052
Store4056@NLPRL,Store@123,4053
Store4057@NLPRL,Store@123,4054
Store4058@NLPRL,Store@123,4055
Store4059@NLPRL,Store@123,4056
Store4060@NLPRL,Store@123,4057
Store4061@NLPRL,Store@123,4058
Store4062@NLPRL,Store@123,4059
Store4063@NLPRL,Store@123,4060
Store4064@NLPRL,Store@123,4061
Store4065@NLPRL,Store@123,4062
Store4066@NLPRL,Store@123,4063
Store4067@NLPRL,Store@123,4064
Store4068@NLPRL,Store@123,4065
Store4069@NLPRL,Store@123,4066
Store4070@NLPRL,Store@123,4067
Store4071@NLPRL,Store@123,4068
Store4072@NLPRL,Store@123,4069
Store4073@NLPRL,Store@123,4070
Store4074@NLPRL,Store@123,4071
Store4075@NLPRL,Store@123,4072
Store4076@NLPRL,Store@123,4073
Store4077@NLPRL,Store@123,4074
Store4078@NLPRL,Store@123,4075
Store4079@NLPRL,Store@123,4076
Store4080@NLPRL,Store@123,4077
Store4081@NLPRL,Store@123,4078
Store4082@NLPRL,Store@123,4079
Store4083@NLPRL,Store@123,4080
Store4084@NLPRL,Store@123,4081
Store4085@NLPRL,Store@123,4082
Store4086@NLPRL,Store@123,4083
Store4087@NLPRL,Store@123,4084
Store4088@NLPRL,Store@123,4085
Store4089@NLPRL,Store@123,9192
Store4090@NLPRL,Store@123,4086
Store4091@NLPRL,Store@123,4087
Store4092@NLPRL,Store@123,4088
Store4093@NLPRL,Store@123,4089
Store4094@NLPRL,Store@123,4090
Store4095@NLPRL,Store@123,4091
Store4096@NLPRL,Store@123,4092
Store4097@NLPRL,Store@123,4093
Store4098@NLPRL,Store@123,4094
Store4099@NLPRL,Store@123,4095
Store4100@NLPRL,Store@123,4096
Store4101@NLPRL,Store@123,4097
Store4102@NLPRL,Store@123,4098
Store4103@NLPRL,Store@123,4099
Store4104@NLPRL,Store@123,4100
Store4105@NLPRL,Store@123,4101
Store4106@NLPRL,Store@123,4102
Store4107@NLPRL,Store@123,4103
Store4108@NLPRL,Store@123,4104
Store4109@NLPRL,Store@123,4105
Store4110@NLPRL,Store@123,4106
Store4111@NLPRL,Store@123,4107
Store4112@NLPRL,Store@123,4108
Store4113@NLPRL,Store@123,4109
Store4114@NLPRL,Store@123,4110
Store4115@NLPRL,Store@123,4111
Store4116@NLPRL,Store@123,4112
Store4117@NLPRL,Store@123,4113
Store4118@NLPRL,Store@123,4114
Store4119@NLPRL,Store@123,4115
Store4120@NLPRL,Store@123,4116
Store4121@NLPRL,Store@123,4117
Store4122@NLPRL,Store@123,4118
Store4123@NLPRL,Store@123,4119
Store4124@NLPRL,Store@123,4120
Store4125@NLPRL,Store@123,4121
Store4126@NLPRL,Store@123,4122
Store4127@NLPRL,Store@123,4123
Store4128@NLPRL,Store@123,4124
Store4129@NLPRL,Store@123,4125
Store4130@NLPRL,Store@123,4126
Store4131@NLPRL,Store@123,4127
Store4132@NLPRL,Store@123,4128
Store4133@NLPRL,Store@123,4129
Store4134@NLPRL,Store@123,4130
Store4135@NLPRL,Store@123,4131
Store4136@NLPRL,Store@123,4132
Store4137@NLPRL,Store@123,4133
Store4138@NLPRL,Store@123,4134
Store4139@NLPRL,Store@123,4135
Store4140@NLPRL,Store@123,4136
Store4141@NLPRL,Store@123,4137
Store4142@NLPRL,Store@123,4138
Store4143@NLPRL,Store@123,4139
Store4144@NLPRL,Store@123,4140
Store4145@NLPRL,Store@123,4141
Store4146@NLPRL,Store@123,4142
Store4147@NLPRL,Store@123,4143
Store4148@NLPRL,Store@123,4144
Store4149@NLPRL,Store@123,4145
Store4150@NLPRL,Store@123,4146
Store4151@NLPRL,Store@123,4147
Store4152@NLPRL,Store@123,4148
Store4153@NLPRL,Store@123,4149
Store4154@NLPRL,Store@123,4150
Store4155@NLPRL,Store@123,4151
Store4156@NLPRL,Store@123,4152
Store4157@NLPRL,Store@123,4153
Store4158@NLPRL,Store@123,4154
Store4159@NLPRL,Store@123,4155
Store4160@NLPRL,Store@123,4156
Store4161@NLPRL,Store@123,4157
Store4162@NLPRL,Store@123,4158
Store4163@NLPRL,Store@123,4159
Store4164@NLPRL,Store@123,4160
Store4165@NLPRL,Store@123,4161
Store4166@NLPRL,Store@123,4162
Store4167@NLPRL,Store@123,4163
Store4168@NLPRL,Store@123,4164
Store4169@NLPRL,Store@123,4165
Store4170@NLPRL,Store@123,4166
Store4171@NLPRL,Store@123,4167
Store4172@NLPRL,Store@123,4168
Store4173@NLPRL,Store@123,4169
Store4174@NLPRL,Store@123,4170
Store4175@NLPRL,Store@123,4171
Store4176@NLPRL,Store@123,4172
Store4177@NLPRL,Store@123,4173
Store4178@NLPRL,Store@123,4174
Store4179@NLPRL,Store@123,4175
Store4180@NLPRL,Store@123,4176
Store4181@NLPRL,Store@123,4177
Store4182@NLPRL,Store@123,4178
Store4183@NLPRL,Store@123,4179
Store4184@NLPRL,Store@123,4180
Store4185@NLPRL,Store@123,4181
Store4186@NLPRL,Store@123,4182
Store4187@NLPRL,Store@123,4183
Store4188@NLPRL,Store@123,4184
Store4189@NLPRL,Store@123,4185
Store4190@NLPRL,Store@123,4186
Store4191@NLPRL,Store@123,4187
Store4192@NLPRL,Store@123,4188
Store4193@NLPRL,Store@123,4189
Store4194@NLPRL,Store@123,4190
Store4195@NLPRL,Store@123,4191
Store4196@NLPRL,Store@123,4192
Store4197@NLPRL,Store@123,4193
Store4198@NLPRL,Store@123,4194
Store4199@NLPRL,Store@123,4195
Store4200@NLPRL,Store@123,4196
Store4201@NLPRL,Store@123,4197
Store4202@NLPRL,Store@123,4198
Store4203@NLPRL,Store@123,4199
Store4204@NLPRL,Store@123,4200
Store4205@NLPRL,Store@123,4201
Store4206@NLPRL,Store@123,4202
Store4207@NLPRL,Store@123,4203
Store4208@NLPRL,Store@123,4204
Store4209@NLPRL,Store@123,4205
Store4210@NLPRL,Store@123,4206
Store4211@NLPRL,Store@123,4207
Store4212@NLPRL,Store@123,4208
Store4213@NLPRL,Store@123,4209
Store4214@NLPRL,Store@123,4210
Store4215@NLPRL,Store@123,4211
Store4216@NLPRL,Store@123,4212
Store4217@NLPRL,Store@123,4213
Store4218@NLPRL,Store@123,4214
Store4219@NLPRL,Store@123,4215
Store4220@NLPRL,Store@123,4216
Store4221@NLPRL,Store@123,4217
Store4222@NLPRL,Store@123,4218
Store4223@NLPRL,Store@123,4219
Store4224@NLPRL,Store@123,4220
Store4225@NLPRL,Store@123,4221
Store4226@NLPRL,Store@123,4222
Store4227@NLPRL,Store@123,4223
Store4228@NLPRL,Store@123,4224
Store4229@NLPRL,Store@123,4225
Store4230@NLPRL,Store@123,4226
Store4231@NLPRL,Store@123,4227
Store4232@NLPRL,Store@123,4228
Store4233@NLPRL,Store@123,4229
Store4234@NLPRL,Store@123,4230
Store4235@NLPRL,Store@123,4231
Store4236@NLPRL,Store@123,4232
Store4237@NLPRL,Store@123,4233
Store4238@NLPRL,Store@123,4234
Store4239@NLPRL,Store@123,4235
Store4240@NLPRL,Store@123,4236
Store4241@NLPRL,Store@123,4237
Store4242@NLPRL,Store@123,4238
Store4243@NLPRL,Store@123,4239
Store4244@NLPRL,Store@123,4240
Store4245@NLPRL,Store@123,4241
Store4246@NLPRL,Store@123,4242
Store4247@NLPRL,Store@123,4243
Store4248@NLPRL,Store@123,4244
Store4249@NLPRL,Store@123,4245
Store4250@NLPRL,Store@123,4246
Store4251@NLPRL,Store@123,4247
Store4252@NLPRL,Store@123,4248
Store4253@NLPRL,Store@123,4249
Store4254@NLPRL,Store@123,4250
Store4255@NLPRL,Store@123,4251
Store4256@NLPRL,Store@123,4252
Store4257@NLPRL,Store@123,4253
Store4258@NLPRL,Store@123,4254
Store4259@NLPRL,Store@123,4255
Store4260@NLPRL,Store@123,4256
Store4261@NLPRL,Store@123,4257
Store4262@NLPRL,Store@123,4258
Store4263@NLPRL,Store@123,4259
Store4264@NLPRL,Store@123,4260
Store4265@NLPRL,Store@123,4261
Store4266@NLPRL,Store@123,4262
Store4267@NLPRL,Store@123,4263
Store4268@NLPRL,Store@123,4264
Store4269@NLPRL,Store@123,4265
Store4270@NLPRL,Store@123,4266
Store4271@NLPRL,Store@123,4267
Store4272@NLPRL,Store@123,4268
Store4273@NLPRL,Store@123,4269
Store4274@NLPRL,Store@123,4270
Store4275@NLPRL,Store@123,4271
Store4276@NLPRL,Store@123,4272
Store4277@NLPRL,Store@123,4273
Store4278@NLPRL,Store@123,4274
Store4279@NLPRL,Store@123,4275
Store4280@NLPRL,Store@123,4276
Store4281@NLPRL,Store@123,4277
Store4282@NLPRL,Store@123,4278
Store4283@NLPRL,Store@123,4279
Store4284@NLPRL,Store@123,4280
Store4285@NLPRL,Store@123,4281
Store4286@NLPRL,Store@123,4282
Store4287@NLPRL,Store@123,4283
Store4288@NLPRL,Store@123,4284
Store4289@NLPRL,Store@123,4285
Store4290@NLPRL,Store@123,4286
Store4291@NLPRL,Store@123,4287
Store4292@NLPRL,Store@123,4288
Store4293@NLPRL,Store@123,4289
Store4294@NLPRL,Store@123,4290
Store4295@NLPRL,Store@123,4291
Store4296@NLPRL,Store@123,4292
Store4297@NLPRL,Store@123,4293
Store4298@NLPRL,Store@123,4294
Store4299@NLPRL,Store@123,4295
Store4300@NLPRL,Store@123,4296
Store4303@NLPRL,Store@123,4297
Store4303@NLPRL,Store@123,4298
Store4303@NLPRL,Store@123,4299
Store4303@NLPRL,Store@123,4300