admin@region1,8nO1t7LMUyQx5bD,0078
admin@region1,8nO1t7LMUyQx5bD,0123
admin@region1,8nO1t7LMUyQx5bD,5000
admin@region1,8nO1t7LMUyQx5bD,5001
admin@region1,8nO1t7LMUyQx5bD,5002
admin@region1,8nO1t7LMUyQx5bD,5003
admin@region1,8nO1t7LMUyQx5bD,5004
admin@region1,8nO1t7LMUyQx5bD,5005
admin@region1,8nO1t7LMUyQx5bD,5006
admin@region1,8nO1t7LMUyQx5bD,0704
admin@region1,8nO1t7LMUyQx5bD,0848
admin@region1,8nO1t7LMUyQx5bD,1920
admin@region1,8nO1t7LMUyQx5bD,8016
admin@region1,8nO1t7LMUyQx5bD,5007
admin@region1,8nO1t7LMUyQx5bD,5008
admin@region1,8nO1t7LMUyQx5bD,5009
admin@region1,8nO1t7LMUyQx5bD,5010
admin@region1,8nO1t7LMUyQx5bD,5011
admin@region1,8nO1t7LMUyQx5bD,5012
admin@region1,8nO1t7LMUyQx5bD,5013
admin@region1,8nO1t7LMUyQx5bD,5014
admin@region1,8nO1t7LMUyQx5bD,5015
admin@region1,8nO1t7LMUyQx5bD,5016
admin@region1,8nO1t7LMUyQx5bD,5017
admin@region1,8nO1t7LMUyQx5bD,5018
admin@region1,8nO1t7LMUyQx5bD,5019
admin@region1,8nO1t7LMUyQx5bD,5020
admin@region1,8nO1t7LMUyQx5bD,5021
admin@region1,8nO1t7LMUyQx5bD,5022
admin@region1,8nO1t7LMUyQx5bD,5023
admin@region1,8nO1t7LMUyQx5bD,5024
admin@region1,8nO1t7LMUyQx5bD,5025
admin@region1,8nO1t7LMUyQx5bD,5026
admin@region1,8nO1t7LMUyQx5bD,5027
admin@region1,8nO1t7LMUyQx5bD,5028
admin@region1,8nO1t7LMUyQx5bD,5029
admin@region1,8nO1t7LMUyQx5bD,5030
admin@region1,8nO1t7LMUyQx5bD,5031
admin@region1,8nO1t7LMUyQx5bD,5032
admin@region1,8nO1t7LMUyQx5bD,5033
admin@region1,8nO1t7LMUyQx5bD,5034
admin@region1,8nO1t7LMUyQx5bD,5035
admin@region1,8nO1t7LMUyQx5bD,5036
admin@region1,8nO1t7LMUyQx5bD,5037
admin@region1,8nO1t7LMUyQx5bD,5038
admin@region1,8nO1t7LMUyQx5bD,5039
admin@region1,8nO1t7LMUyQx5bD,5040
admin@region1,8nO1t7LMUyQx5bD,5041
admin@region1,8nO1t7LMUyQx5bD,5042
admin@region1,8nO1t7LMUyQx5bD,5043
admin@region1,8nO1t7LMUyQx5bD,5044
admin@region1,8nO1t7LMUyQx5bD,5045
admin@region1,8nO1t7LMUyQx5bD,5046
admin@region1,8nO1t7LMUyQx5bD,5047
admin@region1,8nO1t7LMUyQx5bD,5048
admin@region1,8nO1t7LMUyQx5bD,5049
admin@region1,8nO1t7LMUyQx5bD,5050
admin@region1,8nO1t7LMUyQx5bD,5051
admin@region1,8nO1t7LMUyQx5bD,5052
admin@region1,8nO1t7LMUyQx5bD,5053
admin@region1,8nO1t7LMUyQx5bD,5054
admin@region1,8nO1t7LMUyQx5bD,5055
admin@region1,8nO1t7LMUyQx5bD,5056
admin@region1,8nO1t7LMUyQx5bD,5057
admin@region1,8nO1t7LMUyQx5bD,5058
admin@region1,8nO1t7LMUyQx5bD,5059
admin@region1,8nO1t7LMUyQx5bD,5060
admin@region1,8nO1t7LMUyQx5bD,5061
admin@region1,8nO1t7LMUyQx5bD,5062
admin@region1,8nO1t7LMUyQx5bD,5063
admin@region1,8nO1t7LMUyQx5bD,5064
admin@region1,8nO1t7LMUyQx5bD,5065
admin@region1,8nO1t7LMUyQx5bD,5066
admin@region1,8nO1t7LMUyQx5bD,5067
admin@region1,8nO1t7LMUyQx5bD,5068
admin@region1,8nO1t7LMUyQx5bD,5069
admin@region1,8nO1t7LMUyQx5bD,5070
admin@region1,8nO1t7LMUyQx5bD,5071
admin@region1,8nO1t7LMUyQx5bD,5072
admin@region1,8nO1t7LMUyQx5bD,5073
admin@region1,8nO1t7LMUyQx5bD,5074
admin@region1,8nO1t7LMUyQx5bD,5075
admin@region1,8nO1t7LMUyQx5bD,5076
admin@region1,8nO1t7LMUyQx5bD,5077
admin@region1,8nO1t7LMUyQx5bD,5078
admin@region1,8nO1t7LMUyQx5bD,5079
admin@region1,8nO1t7LMUyQx5bD,5080
admin@region1,8nO1t7LMUyQx5bD,5081
admin@region1,8nO1t7LMUyQx5bD,5082
admin@region1,8nO1t7LMUyQx5bD,5083
admin@region1,8nO1t7LMUyQx5bD,5084
admin@region1,8nO1t7LMUyQx5bD,5085
admin@region1,8nO1t7LMUyQx5bD,5086
admin@region1,8nO1t7LMUyQx5bD,5087
admin@region1,8nO1t7LMUyQx5bD,5088
admin@region1,8nO1t7LMUyQx5bD,5089
admin@region1,8nO1t7LMUyQx5bD,5090
admin@region1,8nO1t7LMUyQx5bD,5091
admin@region1,8nO1t7LMUyQx5bD,5092
admin@region1,8nO1t7LMUyQx5bD,5093
admin@region1,8nO1t7LMUyQx5bD,5094
admin@region1,8nO1t7LMUyQx5bD,5095
admin@region1,8nO1t7LMUyQx5bD,5096
admin@region1,8nO1t7LMUyQx5bD,5097
admin@region1,8nO1t7LMUyQx5bD,5098
admin@region1,8nO1t7LMUyQx5bD,5099
admin@region1,8nO1t7LMUyQx5bD,5100
admin@region1,8nO1t7LMUyQx5bD,5101
admin@region1,8nO1t7LMUyQx5bD,5102
admin@region1,8nO1t7LMUyQx5bD,5103
admin@region1,8nO1t7LMUyQx5bD,5104
admin@region1,8nO1t7LMUyQx5bD,5105
admin@region1,8nO1t7LMUyQx5bD,5106
admin@region1,8nO1t7LMUyQx5bD,5107
admin@region1,8nO1t7LMUyQx5bD,5108
admin@region1,8nO1t7LMUyQx5bD,5109
admin@region1,8nO1t7LMUyQx5bD,5110
admin@region1,8nO1t7LMUyQx5bD,5111
admin@region1,8nO1t7LMUyQx5bD,5112
admin@region1,8nO1t7LMUyQx5bD,5113
admin@region1,8nO1t7LMUyQx5bD,5114
admin@region1,8nO1t7LMUyQx5bD,5115
admin@region1,8nO1t7LMUyQx5bD,5116
admin@region1,8nO1t7LMUyQx5bD,5117
admin@region1,8nO1t7LMUyQx5bD,5118
admin@region1,8nO1t7LMUyQx5bD,5119
admin@region1,8nO1t7LMUyQx5bD,5120
admin@region1,8nO1t7LMUyQx5bD,5121
admin@region1,8nO1t7LMUyQx5bD,5122
admin@region1,8nO1t7LMUyQx5bD,5123
admin@region1,8nO1t7LMUyQx5bD,5124
admin@region1,8nO1t7LMUyQx5bD,5125
admin@region1,8nO1t7LMUyQx5bD,5126
admin@region1,8nO1t7LMUyQx5bD,5127
admin@region1,8nO1t7LMUyQx5bD,5128
admin@region1,8nO1t7LMUyQx5bD,5129
admin@region1,8nO1t7LMUyQx5bD,5130
admin@region1,8nO1t7LMUyQx5bD,5131
admin@region1,8nO1t7LMUyQx5bD,5132
admin@region1,8nO1t7LMUyQx5bD,5133
admin@region1,8nO1t7LMUyQx5bD,5134
admin@region1,8nO1t7LMUyQx5bD,5135
admin@region1,8nO1t7LMUyQx5bD,5136
admin@region1,8nO1t7LMUyQx5bD,5137
admin@region1,8nO1t7LMUyQx5bD,5138
admin@region1,8nO1t7LMUyQx5bD,5139
admin@region1,8nO1t7LMUyQx5bD,5140
admin@region1,8nO1t7LMUyQx5bD,5141
admin@region1,8nO1t7LMUyQx5bD,5142
admin@region1,8nO1t7LMUyQx5bD,5143
admin@region1,8nO1t7LMUyQx5bD,5144
admin@region1,8nO1t7LMUyQx5bD,5145
admin@region1,8nO1t7LMUyQx5bD,5146
admin@region1,8nO1t7LMUyQx5bD,5147
admin@region1,8nO1t7LMUyQx5bD,5148
admin@region1,8nO1t7LMUyQx5bD,5149
admin@region1,8nO1t7LMUyQx5bD,5150
admin@region1,8nO1t7LMUyQx5bD,5151
admin@region1,8nO1t7LMUyQx5bD,5152
admin@region1,8nO1t7LMUyQx5bD,5153
admin@region1,8nO1t7LMUyQx5bD,5154
admin@region1,8nO1t7LMUyQx5bD,5155
admin@region1,8nO1t7LMUyQx5bD,5156
admin@region1,8nO1t7LMUyQx5bD,5157
admin@region1,8nO1t7LMUyQx5bD,5158
admin@region1,8nO1t7LMUyQx5bD,5159
admin@region1,8nO1t7LMUyQx5bD,5160
admin@region1,8nO1t7LMUyQx5bD,5161
admin@region1,8nO1t7LMUyQx5bD,5162
admin@region1,8nO1t7LMUyQx5bD,5163
admin@region1,8nO1t7LMUyQx5bD,5164
admin@region1,8nO1t7LMUyQx5bD,5165
admin@region1,8nO1t7LMUyQx5bD,5166
admin@region1,8nO1t7LMUyQx5bD,5167
admin@region1,8nO1t7LMUyQx5bD,5168
admin@region1,8nO1t7LMUyQx5bD,5169
admin@region1,8nO1t7LMUyQx5bD,5170
admin@region1,8nO1t7LMUyQx5bD,5171
admin@region1,8nO1t7LMUyQx5bD,5172
admin@region1,8nO1t7LMUyQx5bD,5173
admin@region1,8nO1t7LMUyQx5bD,5174
admin@region1,8nO1t7LMUyQx5bD,5175
admin@region1,8nO1t7LMUyQx5bD,5176
admin@region1,8nO1t7LMUyQx5bD,5177
admin@region1,8nO1t7LMUyQx5bD,5178
admin@region1,8nO1t7LMUyQx5bD,5179
admin@region1,8nO1t7LMUyQx5bD,5180
admin@region1,8nO1t7LMUyQx5bD,5181
admin@region1,8nO1t7LMUyQx5bD,5182
admin@region1,8nO1t7LMUyQx5bD,5183
admin@region1,8nO1t7LMUyQx5bD,5184
admin@region1,8nO1t7LMUyQx5bD,5185
admin@region1,8nO1t7LMUyQx5bD,5186
admin@region1,8nO1t7LMUyQx5bD,5187
admin@region1,8nO1t7LMUyQx5bD,5188
admin@region1,8nO1t7LMUyQx5bD,5189
admin@region1,8nO1t7LMUyQx5bD,5190
admin@region1,8nO1t7LMUyQx5bD,5191
admin@region1,8nO1t7LMUyQx5bD,5192
admin@region1,8nO1t7LMUyQx5bD,5193
admin@region1,8nO1t7LMUyQx5bD,5194
admin@region1,8nO1t7LMUyQx5bD,5195
admin@region1,8nO1t7LMUyQx5bD,5196
admin@region1,8nO1t7LMUyQx5bD,5197
admin@region1,8nO1t7LMUyQx5bD,5198
admin@region1,8nO1t7LMUyQx5bD,5199
admin@region1,8nO1t7LMUyQx5bD,5200
admin@region1,8nO1t7LMUyQx5bD,5201
admin@region1,8nO1t7LMUyQx5bD,5202
admin@region1,8nO1t7LMUyQx5bD,5203
admin@region1,8nO1t7LMUyQx5bD,5204
admin@region1,8nO1t7LMUyQx5bD,5205
admin@region1,8nO1t7LMUyQx5bD,5206
admin@region1,8nO1t7LMUyQx5bD,5207
admin@region1,8nO1t7LMUyQx5bD,5208
admin@region1,8nO1t7LMUyQx5bD,5209
admin@region1,8nO1t7LMUyQx5bD,5210
admin@region1,8nO1t7LMUyQx5bD,5211
admin@region1,8nO1t7LMUyQx5bD,5212
admin@region1,8nO1t7LMUyQx5bD,5213
admin@region1,8nO1t7LMUyQx5bD,5214
admin@region1,8nO1t7LMUyQx5bD,5215
admin@region1,8nO1t7LMUyQx5bD,5216
admin@region1,8nO1t7LMUyQx5bD,5217
admin@region1,8nO1t7LMUyQx5bD,5218
admin@region1,8nO1t7LMUyQx5bD,5219
admin@region1,8nO1t7LMUyQx5bD,5220
admin@region1,8nO1t7LMUyQx5bD,5221
admin@region1,8nO1t7LMUyQx5bD,5222
admin@region1,8nO1t7LMUyQx5bD,5223
admin@region1,8nO1t7LMUyQx5bD,5224
admin@region1,8nO1t7LMUyQx5bD,5225
admin@region1,8nO1t7LMUyQx5bD,5226
admin@region1,8nO1t7LMUyQx5bD,5227
admin@region1,8nO1t7LMUyQx5bD,5228
admin@region1,8nO1t7LMUyQx5bD,5229
admin@region1,8nO1t7LMUyQx5bD,5230
admin@region1,8nO1t7LMUyQx5bD,5231
admin@region1,8nO1t7LMUyQx5bD,5232
admin@region1,8nO1t7LMUyQx5bD,5233
admin@region1,8nO1t7LMUyQx5bD,5234
admin@region1,8nO1t7LMUyQx5bD,5235
admin@region1,8nO1t7LMUyQx5bD,5236
admin@region1,8nO1t7LMUyQx5bD,5237
admin@region1,8nO1t7LMUyQx5bD,5238
admin@region1,8nO1t7LMUyQx5bD,5239
admin@region1,8nO1t7LMUyQx5bD,5240
admin@region1,8nO1t7LMUyQx5bD,5241
admin@region1,8nO1t7LMUyQx5bD,5242
admin@region1,8nO1t7LMUyQx5bD,5243
admin@region1,8nO1t7LMUyQx5bD,5244
admin@region1,8nO1t7LMUyQx5bD,5245
admin@region1,8nO1t7LMUyQx5bD,5246
admin@region1,8nO1t7LMUyQx5bD,5247
admin@region1,8nO1t7LMUyQx5bD,5248
admin@region1,8nO1t7LMUyQx5bD,5249
admin@region1,8nO1t7LMUyQx5bD,5250
admin@region1,8nO1t7LMUyQx5bD,5251
admin@region1,8nO1t7LMUyQx5bD,5252
admin@region1,8nO1t7LMUyQx5bD,5253
admin@region1,8nO1t7LMUyQx5bD,5254
admin@region1,8nO1t7LMUyQx5bD,5255
admin@region1,8nO1t7LMUyQx5bD,5256
admin@region1,8nO1t7LMUyQx5bD,5257
admin@region1,8nO1t7LMUyQx5bD,5258
admin@region1,8nO1t7LMUyQx5bD,5259
admin@region1,8nO1t7LMUyQx5bD,5260
admin@region1,8nO1t7LMUyQx5bD,5261
admin@region1,8nO1t7LMUyQx5bD,5262
admin@region1,8nO1t7LMUyQx5bD,5263
admin@region1,8nO1t7LMUyQx5bD,5264
admin@region1,8nO1t7LMUyQx5bD,5265
admin@region1,8nO1t7LMUyQx5bD,5266
admin@region1,8nO1t7LMUyQx5bD,5267
admin@region1,8nO1t7LMUyQx5bD,5268
admin@region1,8nO1t7LMUyQx5bD,5269
admin@region1,8nO1t7LMUyQx5bD,5270
admin@region1,8nO1t7LMUyQx5bD,5271
admin@region1,8nO1t7LMUyQx5bD,5272
admin@region1,8nO1t7LMUyQx5bD,5273
admin@region1,8nO1t7LMUyQx5bD,5274
admin@region1,8nO1t7LMUyQx5bD,5275
admin@region1,8nO1t7LMUyQx5bD,5276
admin@region1,8nO1t7LMUyQx5bD,5277
admin@region1,8nO1t7LMUyQx5bD,5278
admin@region1,8nO1t7LMUyQx5bD,5279
admin@region1,8nO1t7LMUyQx5bD,5280
admin@region1,8nO1t7LMUyQx5bD,5281
admin@region1,8nO1t7LMUyQx5bD,5282
admin@region1,8nO1t7LMUyQx5bD,5283
admin@region1,8nO1t7LMUyQx5bD,5284
admin@region1,8nO1t7LMUyQx5bD,5285
admin@region1,8nO1t7LMUyQx5bD,5286
admin@region1,8nO1t7LMUyQx5bD,5287
admin@region1,8nO1t7LMUyQx5bD,5288
admin@region1,8nO1t7LMUyQx5bD,5289
admin@region1,8nO1t7LMUyQx5bD,5290
admin@region1,8nO1t7LMUyQx5bD,5291
admin@region1,8nO1t7LMUyQx5bD,5292
admin@region1,8nO1t7LMUyQx5bD,5293
admin@region1,8nO1t7LMUyQx5bD,5294
admin@region1,8nO1t7LMUyQx5bD,5295
admin@region1,8nO1t7LMUyQx5bD,5296
admin@region1,8nO1t7LMUyQx5bD,5297
admin@region1,8nO1t7LMUyQx5bD,5298
admin@region1,8nO1t7LMUyQx5bD,5299
admin@region1,8nO1t7LMUyQx5bD,5300
admin@region1,8nO1t7LMUyQx5bD,5301
admin@region1,8nO1t7LMUyQx5bD,5302
admin@region1,8nO1t7LMUyQx5bD,5303
admin@region1,8nO1t7LMUyQx5bD,5304
admin@region1,8nO1t7LMUyQx5bD,5305
admin@region1,8nO1t7LMUyQx5bD,5306
admin@region1,8nO1t7LMUyQx5bD,5307
admin@region1,8nO1t7LMUyQx5bD,5308
admin@region1,8nO1t7LMUyQx5bD,5309
admin@region1,8nO1t7LMUyQx5bD,5310
admin@region1,8nO1t7LMUyQx5bD,5311
admin@region1,8nO1t7LMUyQx5bD,5312
admin@region1,8nO1t7LMUyQx5bD,5313
admin@region1,8nO1t7LMUyQx5bD,5314
admin@region1,8nO1t7LMUyQx5bD,5315
admin@region1,8nO1t7LMUyQx5bD,5316
admin@region1,8nO1t7LMUyQx5bD,5317
admin@region1,8nO1t7LMUyQx5bD,5318
admin@region1,8nO1t7LMUyQx5bD,5319
admin@region1,8nO1t7LMUyQx5bD,5320
admin@region1,8nO1t7LMUyQx5bD,5321
admin@region1,8nO1t7LMUyQx5bD,5322
admin@region1,8nO1t7LMUyQx5bD,5323
admin@region1,8nO1t7LMUyQx5bD,5324
admin@region1,8nO1t7LMUyQx5bD,5325
admin@region1,8nO1t7LMUyQx5bD,5326
admin@region1,8nO1t7LMUyQx5bD,5327
admin@region1,8nO1t7LMUyQx5bD,5328
admin@region1,8nO1t7LMUyQx5bD,5329
admin@region1,8nO1t7LMUyQx5bD,5330
admin@region1,8nO1t7LMUyQx5bD,5331
admin@region1,8nO1t7LMUyQx5bD,5332
admin@region1,8nO1t7LMUyQx5bD,5333
admin@region1,8nO1t7LMUyQx5bD,5334
admin@region1,8nO1t7LMUyQx5bD,5335
admin@region1,8nO1t7LMUyQx5bD,5336
admin@region1,8nO1t7LMUyQx5bD,5337
admin@region1,8nO1t7LMUyQx5bD,5338
admin@region1,8nO1t7LMUyQx5bD,5339
admin@region1,8nO1t7LMUyQx5bD,5340
admin@region1,8nO1t7LMUyQx5bD,5341
admin@region1,8nO1t7LMUyQx5bD,5342
admin@region1,8nO1t7LMUyQx5bD,5343
admin@region1,8nO1t7LMUyQx5bD,5344
admin@region1,8nO1t7LMUyQx5bD,5345
admin@region1,8nO1t7LMUyQx5bD,5346
admin@region1,8nO1t7LMUyQx5bD,5347
admin@region1,8nO1t7LMUyQx5bD,5348
admin@region1,8nO1t7LMUyQx5bD,5349
admin@region1,8nO1t7LMUyQx5bD,5350
admin@region1,8nO1t7LMUyQx5bD,5351
admin@region1,8nO1t7LMUyQx5bD,5352
admin@region1,8nO1t7LMUyQx5bD,5353
admin@region1,8nO1t7LMUyQx5bD,5354
admin@region1,8nO1t7LMUyQx5bD,5355
admin@region1,8nO1t7LMUyQx5bD,5356
admin@region1,8nO1t7LMUyQx5bD,5357
admin@region1,8nO1t7LMUyQx5bD,5358
admin@region1,8nO1t7LMUyQx5bD,5359
admin@region1,8nO1t7LMUyQx5bD,5360
admin@region1,8nO1t7LMUyQx5bD,5361
admin@region1,8nO1t7LMUyQx5bD,5362
admin@region1,8nO1t7LMUyQx5bD,5363
admin@region1,8nO1t7LMUyQx5bD,5364
admin@region1,8nO1t7LMUyQx5bD,5365
admin@region1,8nO1t7LMUyQx5bD,5366
admin@region1,8nO1t7LMUyQx5bD,5367
admin@region1,8nO1t7LMUyQx5bD,5368
admin@region1,8nO1t7LMUyQx5bD,5369
admin@region1,8nO1t7LMUyQx5bD,5370
admin@region1,8nO1t7LMUyQx5bD,5371
admin@region1,8nO1t7LMUyQx5bD,5372
admin@region1,8nO1t7LMUyQx5bD,5373
admin@region1,8nO1t7LMUyQx5bD,5374
admin@region1,8nO1t7LMUyQx5bD,5375
admin@region1,8nO1t7LMUyQx5bD,5376
admin@region1,8nO1t7LMUyQx5bD,5377
admin@region1,8nO1t7LMUyQx5bD,5378
admin@region1,8nO1t7LMUyQx5bD,5379
admin@region1,8nO1t7LMUyQx5bD,5380
admin@region1,8nO1t7LMUyQx5bD,5381
admin@region1,8nO1t7LMUyQx5bD,5382
admin@region1,8nO1t7LMUyQx5bD,5383
admin@region1,8nO1t7LMUyQx5bD,5384
admin@region1,8nO1t7LMUyQx5bD,5385
admin@region1,8nO1t7LMUyQx5bD,5386
admin@region1,8nO1t7LMUyQx5bD,5387
admin@region1,8nO1t7LMUyQx5bD,5388
admin@region1,8nO1t7LMUyQx5bD,5389
admin@region1,8nO1t7LMUyQx5bD,5390
admin@region1,8nO1t7LMUyQx5bD,5391
admin@region1,8nO1t7LMUyQx5bD,5392
admin@region1,8nO1t7LMUyQx5bD,5393
admin@region1,8nO1t7LMUyQx5bD,5394
admin@region1,8nO1t7LMUyQx5bD,5395
admin@region1,8nO1t7LMUyQx5bD,5396
admin@region1,8nO1t7LMUyQx5bD,5397
admin@region1,8nO1t7LMUyQx5bD,5398
admin@region1,8nO1t7LMUyQx5bD,5399
admin@region1,8nO1t7LMUyQx5bD,5400
admin@region1,8nO1t7LMUyQx5bD,5401
admin@region1,8nO1t7LMUyQx5bD,5402
admin@region1,8nO1t7LMUyQx5bD,5403
admin@region1,8nO1t7LMUyQx5bD,5404
admin@region1,8nO1t7LMUyQx5bD,5405
admin@region1,8nO1t7LMUyQx5bD,5406
admin@region1,8nO1t7LMUyQx5bD,5407
admin@region1,8nO1t7LMUyQx5bD,5408
admin@region1,8nO1t7LMUyQx5bD,5409
admin@region1,8nO1t7LMUyQx5bD,5410
admin@region1,8nO1t7LMUyQx5bD,5411
admin@region1,8nO1t7LMUyQx5bD,5412
admin@region1,8nO1t7LMUyQx5bD,5413
admin@region1,8nO1t7LMUyQx5bD,5414
admin@region1,8nO1t7LMUyQx5bD,5415
admin@region1,8nO1t7LMUyQx5bD,5416
admin@region1,8nO1t7LMUyQx5bD,5417
admin@region1,8nO1t7LMUyQx5bD,5418
admin@region1,8nO1t7LMUyQx5bD,5419
admin@region1,8nO1t7LMUyQx5bD,5420
admin@region1,8nO1t7LMUyQx5bD,5421
admin@region1,8nO1t7LMUyQx5bD,5422
admin@region1,8nO1t7LMUyQx5bD,5423
admin@region1,8nO1t7LMUyQx5bD,5424
admin@region1,8nO1t7LMUyQx5bD,5425
admin@region1,8nO1t7LMUyQx5bD,5426
admin@region1,8nO1t7LMUyQx5bD,5427
admin@region1,8nO1t7LMUyQx5bD,5428
admin@region1,8nO1t7LMUyQx5bD,5429
admin@region1,8nO1t7LMUyQx5bD,5430
admin@region1,8nO1t7LMUyQx5bD,5431
admin@region1,8nO1t7LMUyQx5bD,5432
admin@region1,8nO1t7LMUyQx5bD,5433
admin@region1,8nO1t7LMUyQx5bD,5434
admin@region1,8nO1t7LMUyQx5bD,5435
admin@region1,8nO1t7LMUyQx5bD,5436
admin@region1,8nO1t7LMUyQx5bD,5437
admin@region1,8nO1t7LMUyQx5bD,5438
admin@region1,8nO1t7LMUyQx5bD,5439
admin@region1,8nO1t7LMUyQx5bD,5440
admin@region1,8nO1t7LMUyQx5bD,5441
admin@region1,8nO1t7LMUyQx5bD,5442
admin@region1,8nO1t7LMUyQx5bD,5443
admin@region1,8nO1t7LMUyQx5bD,5444
admin@region1,8nO1t7LMUyQx5bD,5445
admin@region1,8nO1t7LMUyQx5bD,5446
admin@region1,8nO1t7LMUyQx5bD,5447
admin@region1,8nO1t7LMUyQx5bD,5448
admin@region1,8nO1t7LMUyQx5bD,5449
admin@region1,8nO1t7LMUyQx5bD,5450
admin@region1,8nO1t7LMUyQx5bD,5451
admin@region1,8nO1t7LMUyQx5bD,5452
admin@region1,8nO1t7LMUyQx5bD,5453
admin@region1,8nO1t7LMUyQx5bD,5454
admin@region1,8nO1t7LMUyQx5bD,5455
admin@region1,8nO1t7LMUyQx5bD,5456
admin@region1,8nO1t7LMUyQx5bD,5457
admin@region1,8nO1t7LMUyQx5bD,5458
admin@region1,8nO1t7LMUyQx5bD,5459
admin@region1,8nO1t7LMUyQx5bD,5460
admin@region1,8nO1t7LMUyQx5bD,5461
admin@region1,8nO1t7LMUyQx5bD,5462
admin@region1,8nO1t7LMUyQx5bD,5463
admin@region1,8nO1t7LMUyQx5bD,5464
admin@region1,8nO1t7LMUyQx5bD,5465
admin@region1,8nO1t7LMUyQx5bD,5466
admin@region1,8nO1t7LMUyQx5bD,5467
admin@region1,8nO1t7LMUyQx5bD,5468
admin@region1,8nO1t7LMUyQx5bD,5469
admin@region1,8nO1t7LMUyQx5bD,5470
admin@region1,8nO1t7LMUyQx5bD,5471
admin@region1,8nO1t7LMUyQx5bD,5472
admin@region1,8nO1t7LMUyQx5bD,5473
admin@region1,8nO1t7LMUyQx5bD,5474
admin@region1,8nO1t7LMUyQx5bD,5475
admin@region1,8nO1t7LMUyQx5bD,5476
admin@region1,8nO1t7LMUyQx5bD,5477
admin@region1,8nO1t7LMUyQx5bD,5478
admin@region1,8nO1t7LMUyQx5bD,5479
admin@region1,8nO1t7LMUyQx5bD,5480
admin@region1,8nO1t7LMUyQx5bD,5481
admin@region1,8nO1t7LMUyQx5bD,5482
admin@region1,8nO1t7LMUyQx5bD,5483
admin@region1,8nO1t7LMUyQx5bD,5484
admin@region1,8nO1t7LMUyQx5bD,5485
admin@region1,8nO1t7LMUyQx5bD,5486
admin@region1,8nO1t7LMUyQx5bD,5487
admin@region1,8nO1t7LMUyQx5bD,5488
admin@region1,8nO1t7LMUyQx5bD,5489
admin@region1,8nO1t7LMUyQx5bD,5490
admin@region1,8nO1t7LMUyQx5bD,5491
admin@region1,8nO1t7LMUyQx5bD,5492
admin@region1,8nO1t7LMUyQx5bD,5493
admin@region1,8nO1t7LMUyQx5bD,5494
admin@region1,8nO1t7LMUyQx5bD,5495
admin@region1,8nO1t7LMUyQx5bD,5496
admin@region1,8nO1t7LMUyQx5bD,5497
admin@region1,8nO1t7LMUyQx5bD,5498
admin@region1,8nO1t7LMUyQx5bD,5499
admin@region1,8nO1t7LMUyQx5bD,5500
admin@region1,8nO1t7LMUyQx5bD,91920
